<?xml version="1.0" encoding="UTF-8"?>
<marytts-install xmlns="http://mary.dfki.de/installer">
    <voice gender="female" locale="en-GB" name="dfki-poppy-hsmm"
        type="hsmm" version="5.2">
        <description>A female British English hidden semi-Markov model voice</description>
        <license href="http://mary.dfki.de/download/by-nd-3.0.html"/>
        <package filename="voice-dfki-poppy-hsmm-5.2.zip"
            md5sum="becc084adbeb2c87421a483473cc9bf9" size="1015143">
            <location folder="true" href="http://mary.dfki.de/download/5.2/"/>
            <location folder="true" href="https://github.com/marytts/voice-dfki-poppy-hsmm/releases/download/v5.2/"/>
        </package>
        <files>lib/voice-dfki-poppy-hsmm-5.2.jar</files>
        <depends language="en-GB" version="5.2"/>
    </voice>
</marytts-install>
