<?xml version="1.0" encoding="UTF-8"?>
<marytts-install xmlns="http://mary.dfki.de/installer">
    <voice gender="male" locale="en-GB" name="dfki-obadiah-hsmm"
        type="hsmm" version="5.2">
        <description>A male British English hidden semi-Markov model voice</description>
        <license href="http://mary.dfki.de/download/by-nd-3.0.html"/>
        <package filename="voice-dfki-obadiah-hsmm-5.2.zip"
            md5sum="ca76f001ced098232a9c20d1f80478f0" size="1215660">
            <location folder="true" href="http://mary.dfki.de/download/5.2/"/>
            <location folder="true" href="https://github.com/marytts/voice-dfki-obadiah-hsmm/releases/download/v5.2/"/>
        </package>
        <files>lib/voice-dfki-obadiah-hsmm-5.2.jar</files>
        <depends language="en-GB" version="5.2"/>
    </voice>
</marytts-install>
