<?xml version="1.0" encoding="UTF-8"?>
<marytts-install xmlns="http://mary.dfki.de/installer">
    <voice gender="male" locale="en-US" name="cmu-bdl-hsmm" type="hsmm" version="5.2">
        <description>A male US English hidden semi-Markov model voice, built from recordings provided by Carnegie Mellon University</description>
        <license href="http://mary.dfki.de/download/arctic-license.html"/>
        <package filename="voice-cmu-bdl-hsmm-5.2.zip"
            md5sum="d3d56dbc17252985f93748bc6a8a3be6" size="1016701">
            <location folder="true" href="http://mary.dfki.de/download/5.2/"/>
            <location folder="true" href="https://github.com/marytts/voice-cmu-bdl-hsmm/releases/download/v5.2/"/>
        </package>
        <files>lib/voice-cmu-bdl-hsmm-5.2.jar</files>
        <depends language="en-US" version="5.2"/>
    </voice>
</marytts-install>
